{
	"pattrstorage" : 	{
		"name" : "u354007393",
		"slots" : 		{
			"1" : 			{
				"id" : 1,
				"data" : 				{
					"bp.Phase Vocoder::CV2" : [ 9.448818897637707 ],
					"bp.Phase Vocoder::Mute" : [ 0.0 ],
					"bp.Phase Vocoder::Offset" : [ 3.499200000000002 ],
					"bp.Phase Vocoder::Position" : [ 1.418 ],
					"bp.Phase Vocoder::PositionCV" : [ 0.0 ],
					"bp.Phase Vocoder::live.text" : [ 0.0 ],
					"bp.Phase Vocoder::sample" : [ "cherokee.aif" ],
					"bp.Audio Mixer::Mute" : [ 0.0 ],
					"bp.Audio Mixer::MuteCh1" : [ 0.0 ],
					"bp.Audio Mixer::MuteCh1[2]" : [ 0.0 ],
					"bp.Audio Mixer::MuteCh2" : [ 0.0 ],
					"bp.Audio Mixer::MuteCh4" : [ 0.0 ],
					"bp.Audio Mixer::in1" : [ 0.0 ],
					"bp.Audio Mixer::in2" : [ -72.0 ],
					"bp.Audio Mixer::in3" : [ -72.0 ],
					"bp.Audio Mixer::in4" : [ -72.0 ],
					"bp.Spectral Filter::EditMode" : [ 1.0 ],
					"bp.Spectral Filter::Response" : [ 1.0 ],
					"bp.Spectral Filter::bypass" : [ 0.0 ],
					"bp.Spectral Filter::multislider" : [ 0.0, 0.0, 0.0, 0.0, 0.0, 0.0, 0.0, 0.816327, 0.0, 0.0, 0.0, 0.0, 0.0, 0.0, 0.0, 0.0, 0.0, 0.0, 0.0, 0.0, 0.0, 0.0, 0.0, 0.0, 0.0, 0.0, 0.0, 0.0, 0.0, 0.556818, 0.0, 0.0, 0.0, 0.39227606122449, 0.39227606122449, 0.412684224489796, 0.433092387755102, 0.433092387755102, 0.453500551020408, 0.453500551020408, 0.473908714285714, 0.49431687755102, 0.49431687755102, 0.49431687755102, 0.49431687755102, 0.514725040816327, 0.514725040816327, 0.514725040816327, 0.555541367346939, 0.555541367346939, 0.575949530612245, 0.575949530612245, 0.575949530612245, 0.575949530612245, 0.575949530612245, 0.596357693877551, 0.596357693877551, 0.616765857142857, 0.616765857142857, 0.637174020408163, 0.637174020408163, 0.657582183673469, 0.677990346938776, 0.677990346938776, 0.677990346938776, 0.698398510204082, 0.698398510204082, 0.698398510204082, 0.698398510204082, 0.698398510204082, 0.718806673469388, 0.718806673469388, 0.718806673469388, 0.718806673469388, 0.718806673469388, 0.718806673469388, 0.718806673469388, 0.718806673469388, 0.718806673469388, 0.718806673469388, 0.718806673469388, 0.718806673469388, 0.718806673469388, 0.718806673469388, 0.718806673469388, 0.718806673469388, 0.718806673469388, 0.718806673469388, 0.718806673469388, 0.718806673469388, 0.718806673469388, 0.718806673469388, 0.718806673469388, 0.718806673469388, 0.718806673469388, 0.718806673469388, 0.718806673469388, 0.718806673469388, 0.718806673469388, 0.718806673469388, 0.718806673469388, 0.718806673469388, 0.718806673469388, 0.718806673469388, 0.718806673469388, 0.718806673469388, 0.718806673469388, 0.718806673469388, 0.718806673469388, 0.718806673469388, 0.718806673469388, 0.718806673469388, 0.718806673469388, 0.718806673469388, 0.718806673469388, 0.718806673469388, 0.718806673469388, 0.718806673469388, 0.718806673469388, 0.718806673469388, 0.739214836734694, 0.739214836734694, 0.739214836734694, 0.739214836734694, 0.759623, 0.759623, 0.759623, 0.769827081632653, 0.780031163265306, 0.800439326530612, 0.800439326530612, 0.820847489795918, 0.841255653061225, 0.861663816326531, 0.861663816326531, 0.861663816326531, 0.861663816326531, 0.861663816326531, 0.871867897959184, 0.882071979591837, 0.882071979591837, 0.902480142857143, 0.902480142857143, 0.922888306122449, 0.922888306122449, 0.922888306122449, 0.922888306122449, 0.922888306122449, 0.922888306122449, 0.922888306122449, 0.922888306122449, 0.922888306122449, 0.922888306122449, 0.922888306122449, 0.922888306122449, 0.922888306122449, 0.902480142857143, 0.902480142857143, 0.902480142857143, 0.902480142857143, 0.902480142857143, 0.902480142857143, 0.882071979591837, 0.871867897959184, 0.861663816326531, 0.861663816326531, 0.861663816326531, 0.861663816326531, 0.841255653061225, 0.834452931972789, 0.827650210884354, 0.820847489795918, 0.820847489795918, 0.820847489795918, 0.820847489795918, 0.820847489795918, 0.810643408163265, 0.800439326530612, 0.800439326530612, 0.800439326530612, 0.793636605442177, 0.786833884353741, 0.780031163265306, 0.780031163265306, 0.780031163265306, 0.749418918367347, 0.739214836734694, 0.739214836734694, 0.739214836734694, 0.729010755102041, 0.718806673469388, 0.712003952380952, 0.705201231292517, 0.698398510204082, 0.677990346938776, 0.667786265306123, 0.657582183673469, 0.647378102040816, 0.637174020408163, 0.616765857142857, 0.596357693877551, 0.589554972789116, 0.58275225170068, 0.575949530612245, 0.575949530612245, 0.575949530612245, 0.56914680952381, 0.562344088435374, 0.555541367346939, 0.535133204081633, 0.521527761904762, 0.507922319727891, 0.49431687755102, 0.487514156462585, 0.48071143537415, 0.473908714285714, 0.463704632653061, 0.453500551020408, 0.443296469387755, 0.433092387755102, 0.426289666666667, 0.419486945578231, 0.412684224489796, 0.402480142857143, 0.39227606122449, 0.371867897959184, 0.351459734693878, 0.331051571428571, 0.310643408163265, 0.300439326530612, 0.290235244897959, 0.269827081632653, 0.259623, 0.249418918367347, 0.235813476190476, 0.222208034013606, 0.208602591836735, 0.188194428571429, 0.177990346938776, 0.167786265306122, 0.12696993877551, 0.106561775510204, 0.086153612244898, 0.065745448979592, 0.045337285714286, 0.035133204081633, 0.02492912244898, 0.004520959183674, 0.0, 0.0, 0.0, 0.0, 0.0, 0.0, 0.0, 0.0 ],
					"bp.Spectral Filter::harmonic_management::b_state" : [ 0.0, 0.0, 0.0, 0.0, 0.0, 0.0, 0.0, 0.0, 0.0, 0.0, 0.0, 0.0, 0.0, 0.0, 0.0, 0.0, 0.0, 0.693182, 0.0, 0.0, 0.0, 0.0, 0.0, 0.0, 0.0, 0.0, 0.0, 0.0, 0.0, 0.0, 0.0, 0.0, 0.0, 0.0, 0.0, 0.0, 0.0, 0.0, 0.0, 0.0, 0.0, 0.0, 0.0, 0.0, 0.0, 0.0, 0.0, 0.0, 0.0, 0.0, 0.0, 0.0, 0.0, 0.0, 0.0, 0.0, 0.0, 0.0, 0.0, 0.0, 0.0, 0.0, 0.0, 0.0, 0.0, 0.0, 0.0, 0.0, 0.0, 0.602273, 0.0, 0.0, 0.0, 0.0, 0.0, 0.0, 0.0, 0.0, 0.0, 0.0, 0.0, 0.0, 0.0, 0.0, 0.0, 0.0, 0.0, 0.0, 0.0, 0.0, 0.0, 0.0, 0.0, 0.0, 0.0, 0.0, 0.0, 0.0, 0.0, 0.0, 0.0, 0.0, 0.0, 0.0, 0.0, 0.0, 0.0, 0.0, 0.0, 0.0, 0.0, 0.0, 0.0, 0.0, 0.670455, 0.0, 0.0, 0.0, 0.0, 0.0, 0.0, 0.0, 0.0, 0.0, 0.0, 0.0, 0.0, 0.0, 0.0, 0.0, 0.0, 0.0, 0.0, 0.0, 0.0, 0.0, 0.0, 0.0, 0.0, 0.0, 0.0, 0.0, 0.0, 0.0, 0.0, 0.0, 0.0, 0.0, 0.0, 0.0, 0.0, 0.0, 0.0, 0.0, 0.0, 0.0, 0.693182, 0.0, 0.0, 0.0, 0.0, 0.0, 0.0, 0.0, 0.0, 0.0, 0.0, 0.0, 0.0, 0.0, 0.0, 0.0, 0.0, 0.0, 0.0, 0.0, 0.0, 0.0, 0.0, 0.0, 0.0, 0.0, 0.0, 0.0, 0.0, 0.0, 0.0, 0.0, 0.0, 0.0, 0.0, 0.0, 0.0, 0.0, 0.0, 0.0, 0.0, 0.0, 0.0, 0.0, 0.0, 0.0, 0.0, 0.681818, 0.0, 0.0, 0.0, 0.0, 0.0, 0.0, 0.0, 0.0, 0.0, 0.0, 0.0, 0.0, 0.0, 0.0, 0.0, 0.0, 0.0, 0.0, 0.0, 0.0, 0.0, 0.0, 0.0, 0.0, 0.0, 0.0, 0.0, 0.0, 0.0, 0.0, 0.0, 0.0, 0.0, 0.0, 0.0, 0.0, 0.0, 0.0, 0.0, 0.0, 0.0, 0.0, 0.0, 0.0, 0.0, 0.0, 0.0, 0.0, 0.0, 0.0, 0.0, 0.0 ],